schedule,title,path,length,type
00,"05 - Disco Love - The Saturdays.mp3",on14-03/song_e18b2534e9a2280794e4814368442605.mp3,03:15,song
00,"01 - Wrecking Ball - Miley Cyrus.mp3",on14-03/song_a8bc73292b5cb5850d2972f16806b9eb.mp3,03:43,song
00,adv1,jingle126731.mp3,3:21,ad
00,"02 - Puriyavillai - DownloadSouthMP3.SE.mp3",on14-03/song_4d19a7542ee6c6a713bb51bf6df3929d.mp3,04:30,song
00,"Dol Dol - TamilWire.com.mp3",on14-03/song_0d7816b476cf98b83cc5e9906a9b62a2.mp3,04:44,song
00,adv1,jingle126731.mp3,3:21,ad
00,"02 - Innum Konjam - DownloadSouthMP3.SE.mp3",on14-03/song_9d8fdde553e2eb5509d51c320e92549a.mp3,05:16,song
00,drffdg,jin9718.mp3,1:30,jing
00,"01 - Sitamma Vakitlo Sirimalle Chettu - DownloadSouthMP3.Com.mp3",on14-03/song_0aadcd2f4734d23eac65be926eff013e.mp3,03:43,song
00,adv1,jingle126731.mp3,3:21,ad
00,"03 - Dil Tu Hi Bataa - DownloadMing.SE.mp3",on14-03/song_d7c5b17315dcd1873dd927749bc7c62d.mp3,06:40,song
01,"Dol Dol - TamilWire.com.mp3",on14-03/song_0d7816b476cf98b83cc5e9906a9b62a2.mp3,04:44,song
01,adv1,jingle126731.mp3,3:21,ad
01,"08 - Talk Dirty (feat. 2 Chainz) - Jason Derulo.mp3",on14-03/song_4bde5db8e40840cb6f5bd6a361c95b5e.mp3,02:58,song
01,"02 - Innum Konjam - DownloadSouthMP3.SE.mp3",on14-03/song_9d8fdde553e2eb5509d51c320e92549a.mp3,05:16,song
01,jing1,jingle128725.mp3,3:21,jing
01,"01 - Wrecking Ball - Miley Cyrus.mp3",on14-03/song_a8bc73292b5cb5850d2972f16806b9eb.mp3,03:43,song
01,"04 - R U Crazy - Conor Maynard.mp3",on14-03/song_c375c3afa02d12e2c2c3ab72a3e77a06.mp3,04:13,song
01,adv1,jingle126731.mp3,3:21,ad
01,"02 O Lilli.mp3",on14-03/song_47894b4dd303f3b42a9b2acfb4ca59a6.mp3,04:30,song
01,"03 - Kuthu Vilakku.mp3",on14-03/song_78896f42f442b73f3313ee172d553d52.mp3,04:25,song
01,adv1,jingle126731.mp3,3:21,ad
01,"01 Vilayaadu Mankatha - Yuvan Shankar Raja_ Ranjith_.mp3",on14-03/song_01f485f8f94c877464f6ee039a11b935.mp3,06:03,song
01,jing1,jingle128725.mp3,3:21,jing
01,"02 - Athithom.mp3",on14-03/song_d520752872df568a28ef6f01cf244183.mp3,04:33,song
01,adv1,jingle126731.mp3,3:21,ad
02,"03 - Kuthu Vilakku.mp3",on14-03/song_78896f42f442b73f3313ee172d553d52.mp3,04:25,song
02,"02 - Puriyavillai - DownloadSouthMP3.SE.mp3",on14-03/song_4d19a7542ee6c6a713bb51bf6df3929d.mp3,04:30,song
02,adv1,jingle126731.mp3,3:21,ad
02,"Sleep Away.mp3",on14-03/song_3ac432c308eb7db4090434c5c52765bc.mp3,03:21,song
02,"01 Vilayaadu Mankatha - Yuvan Shankar Raja_ Ranjith_.mp3",on14-03/song_01f485f8f94c877464f6ee039a11b935.mp3,06:03,song
02,jing1,jingle128725.mp3,3:21,jing
02,"03 - Counting Stars - One Republic.mp3",on14-03/song_ce07f6c78fd99280b85db2d41bd08690.mp3,04:17,song
02,"08 - Talk Dirty (feat. 2 Chainz) - Jason Derulo.mp3",on14-03/song_4bde5db8e40840cb6f5bd6a361c95b5e.mp3,02:58,song
02,adv1,jingle126731.mp3,3:21,ad
02,"01 - Wrecking Ball - Miley Cyrus.mp3",on14-03/song_a8bc73292b5cb5850d2972f16806b9eb.mp3,03:43,song
02,"04 - R U Crazy - Conor Maynard.mp3",on14-03/song_c375c3afa02d12e2c2c3ab72a3e77a06.mp3,04:13,song
02,adv1,jingle126731.mp3,3:21,ad
02,"Maid with the Flaxen Hair.mp3",on14-03/song_9560a53cce0157b39f0461f80fa4676d.mp3,02:50,song
02,drffdg,jin9718.mp3,1:30,jing
02,"05 - Disco Love - The Saturdays.mp3",on14-03/song_e18b2534e9a2280794e4814368442605.mp3,03:15,song
02,adv1,jingle126731.mp3,3:21,ad
02,"02 O Lilli.mp3",on14-03/song_47894b4dd303f3b42a9b2acfb4ca59a6.mp3,04:30,song
03,"02 - Berzerk - Eminem.mp3",on14-03/song_5a9810c57cf6c54beeac7d80377e7655.mp3,03:59,song
03,adv1,jingle126731.mp3,3:21,ad
03,"03 - Kuthu Vilakku.mp3",on14-03/song_78896f42f442b73f3313ee172d553d52.mp3,04:25,song
03,"03 - Counting Stars - One Republic.mp3",on14-03/song_ce07f6c78fd99280b85db2d41bd08690.mp3,04:17,song
03,jing1,jingle128725.mp3,3:21,jing
03,"03 - Dil Tu Hi Bataa - DownloadMing.SE.mp3",on14-03/song_d7c5b17315dcd1873dd927749bc7c62d.mp3,06:40,song
03,"14 - Heartbreaker - Justin Bieber.mp3",on14-03/song_24f5934083f751793d5b52b8c78fd895.mp3,04:23,song
03,adv1,jingle126731.mp3,3:21,ad
03,"4shared - Malayalam Evergreen Romantic Hits - shared folder - free file sharing and storage_2.mp3",on14-03/song_07c6e798cd6b4c19358da308cb2f89ec.mp3,04:44,song
03,"Maid with the Flaxen Hair.mp3",on14-03/song_9560a53cce0157b39f0461f80fa4676d.mp3,02:50,song
03,adv1,jingle126731.mp3,3:21,ad
03,"03 - Dil Tu Hi Bataa - DownloadMing.SE.mp3",on14-03/song_d7c5b17315dcd1873dd927749bc7c62d.mp3,06:40,song
03,drffdg,jin9718.mp3,1:30,jing
03,"02 - Innum Konjam - DownloadSouthMP3.SE.mp3",on14-03/song_9d8fdde553e2eb5509d51c320e92549a.mp3,05:16,song
03,adv1,jingle126731.mp3,3:21,ad
03,"Sleep Away.mp3",on14-03/song_3ac432c308eb7db4090434c5c52765bc.mp3,03:21,song
04,"03 - Counting Stars - One Republic.mp3",on14-03/song_ce07f6c78fd99280b85db2d41bd08690.mp3,04:17,song
04,adv1,jingle126731.mp3,3:21,ad
04,"02 - Puriyavillai - DownloadSouthMP3.SE.mp3",on14-03/song_4d19a7542ee6c6a713bb51bf6df3929d.mp3,04:30,song
04,"08 - Talk Dirty (feat. 2 Chainz) - Jason Derulo.mp3",on14-03/song_4bde5db8e40840cb6f5bd6a361c95b5e.mp3,02:58,song
04,drffdg,jin9718.mp3,1:30,jing
04,"Sleep Away.mp3",on14-03/song_3ac432c308eb7db4090434c5c52765bc.mp3,03:21,song
04,"02 O Lilli.mp3",on14-03/song_47894b4dd303f3b42a9b2acfb4ca59a6.mp3,04:30,song
04,adv1,jingle126731.mp3,3:21,ad
04,01.-.Drishyam.-.Marivil.-.._PKSongS.Me.mp3,on14-03/song_ac6e75d188122198bb01945cfd3725af.mp3,04:19,song
04,"02 - Athithom.mp3",on14-03/song_339d4c3284980b9514cd1920d4575a47.mp3,04:33,song
04,adv1,jingle126731.mp3,3:21,ad
04,"02 - Puriyavillai - DownloadSouthMP3.SE.mp3",on14-03/song_4d19a7542ee6c6a713bb51bf6df3929d.mp3,04:30,song
04,drffdg,jin9718.mp3,1:30,jing
04,"01 - Sitamma Vakitlo Sirimalle Chettu - DownloadSouthMP3.Com.mp3",on14-03/song_0aadcd2f4734d23eac65be926eff013e.mp3,03:43,song
04,adv1,jingle126731.mp3,3:21,ad
04,"03 - Kuthu Vilakku.mp3",on14-03/song_78896f42f442b73f3313ee172d553d52.mp3,04:25,song
04,"02 - Athithom.mp3",on14-03/song_d520752872df568a28ef6f01cf244183.mp3,04:33,song
04,adv1,jingle126731.mp3,3:21,ad
04,"Tamilmp3world.Com - Ippave Ippave.mp3",on14-03/song_c4d484a5dbdaac14de0ee62554448ee4.mp3,04:15,song
05,"03 - Kuthu Vilakku.mp3",on14-03/song_78896f42f442b73f3313ee172d553d52.mp3,04:25,song
05,drffdg,jin9718.mp3,1:30,jing
05,"05 - Disco Love - The Saturdays.mp3",on14-03/song_e18b2534e9a2280794e4814368442605.mp3,03:15,song
05,"01 - Wrecking Ball - Miley Cyrus.mp3",on14-03/song_a8bc73292b5cb5850d2972f16806b9eb.mp3,03:43,song
05,adv1,jingle126731.mp3,3:21,ad
05,"Maid with the Flaxen Hair.mp3",on14-03/song_9560a53cce0157b39f0461f80fa4676d.mp3,02:50,song
05,"14 - Heartbreaker - Justin Bieber.mp3",on14-03/song_24f5934083f751793d5b52b8c78fd895.mp3,04:23,song
05,adv1,jingle126731.mp3,3:21,ad
05,"Maid with the Flaxen Hair.mp3",on14-03/song_9560a53cce0157b39f0461f80fa4676d.mp3,02:50,song
05,drffdg,jin9718.mp3,1:30,jing
05,"4shared - Malayalam Evergreen Romantic Hits - shared folder - free file sharing and storage_2.mp3",on14-03/song_07c6e798cd6b4c19358da308cb2f89ec.mp3,04:44,song
05,adv1,jingle126731.mp3,3:21,ad
05,"02 O Lilli.mp3",on14-03/song_47894b4dd303f3b42a9b2acfb4ca59a6.mp3,04:30,song
05,"02 - Innum Konjam - DownloadSouthMP3.SE.mp3",on14-03/song_9d8fdde553e2eb5509d51c320e92549a.mp3,05:16,song
05,adv1,jingle126731.mp3,3:21,ad
06,"03 - Dil Tu Hi Bataa - DownloadMing.SE.mp3",on14-03/song_d7c5b17315dcd1873dd927749bc7c62d.mp3,06:40,song
06,"Dol Dol - TamilWire.com.mp3",on14-03/song_0d7816b476cf98b83cc5e9906a9b62a2.mp3,04:44,song
06,jing1,jingle128725.mp3,3:21,jing
06,"02 - Berzerk - Eminem.mp3",on14-03/song_5a9810c57cf6c54beeac7d80377e7655.mp3,03:59,song
06,"01 Vilayaadu Mankatha - Yuvan Shankar Raja_ Ranjith_.mp3",on14-03/song_01f485f8f94c877464f6ee039a11b935.mp3,06:03,song
06,adv1,jingle126731.mp3,3:21,ad
06,"Sleep Away.mp3",on14-03/song_3ac432c308eb7db4090434c5c52765bc.mp3,03:21,song
06,"4shared - Malayalam Evergreen Romantic Hits - shared folder - free file sharing and storage_2.mp3",on14-03/song_07c6e798cd6b4c19358da308cb2f89ec.mp3,04:44,song
06,adv1,jingle126731.mp3,3:21,ad
06,"03 - Dil Tu Hi Bataa - DownloadMing.SE.mp3",on14-03/song_d7c5b17315dcd1873dd927749bc7c62d.mp3,06:40,song
06,jing1,jingle128725.mp3,3:21,jing
06,"03 - Kuthu Vilakku.mp3",on14-03/song_78896f42f442b73f3313ee172d553d52.mp3,04:25,song
06,adv1,jingle126731.mp3,3:21,ad
06,"Sleep Away.mp3",on14-03/song_13563039212be0a76f3020ff337b5467.mp3,03:21,song
06,"02 - Innum Konjam - DownloadSouthMP3.SE.mp3",on14-03/song_9d8fdde553e2eb5509d51c320e92549a.mp3,05:16,song
06,adv1,jingle126731.mp3,3:21,ad
07,"04 - R U Crazy - Conor Maynard.mp3",on14-03/song_c375c3afa02d12e2c2c3ab72a3e77a06.mp3,04:13,song
07,"Dol Dol - TamilWire.com.mp3",on14-03/song_0d7816b476cf98b83cc5e9906a9b62a2.mp3,04:44,song
07,drffdg,jin9718.mp3,1:30,jing
07,"Sleep Away.mp3",on14-03/song_3ac432c308eb7db4090434c5c52765bc.mp3,03:21,song
07,"4shared - Malayalam Evergreen Romantic Hits - shared folder - free file sharing and storage_2.mp3",on14-03/song_07c6e798cd6b4c19358da308cb2f89ec.mp3,04:44,song
07,adv1,jingle126731.mp3,3:21,ad
07,"Sleep Away.mp3",on14-03/song_3ac432c308eb7db4090434c5c52765bc.mp3,03:21,song
07,"Maid with the Flaxen Hair.mp3",on14-03/song_9560a53cce0157b39f0461f80fa4676d.mp3,02:50,song
07,adv1,jingle126731.mp3,3:21,ad
07,"01 - Sitamma Vakitlo Sirimalle Chettu - DownloadSouthMP3.Com.mp3",on14-03/song_0aadcd2f4734d23eac65be926eff013e.mp3,03:43,song
07,jing1,jingle128725.mp3,3:21,jing
07,"Maid with the Flaxen Hair.mp3",on14-03/song_9560a53cce0157b39f0461f80fa4676d.mp3,02:50,song
07,adv1,jingle126731.mp3,3:21,ad
07,"4shared - Malayalam Evergreen Romantic Hits - shared folder - free file sharing and storage_2.mp3",on14-03/song_07c6e798cd6b4c19358da308cb2f89ec.mp3,04:44,song
07,"Sleep Away.mp3",on14-03/song_3ac432c308eb7db4090434c5c52765bc.mp3,03:21,song
07,adv1,jingle126731.mp3,3:21,ad
07,"Tamilmp3world.Com - Ippave Ippave.mp3",on14-03/song_c4d484a5dbdaac14de0ee62554448ee4.mp3,04:15,song
07,"03 - Kuthu Vilakku.mp3",on14-03/song_78896f42f442b73f3313ee172d553d52.mp3,04:25,song
07,drffdg,jin9718.mp3,1:30,jing
07,"02 - Innum Konjam - DownloadSouthMP3.SE.mp3",on14-03/song_9d8fdde553e2eb5509d51c320e92549a.mp3,05:16,song
07,"Sleep Away.mp3",on14-03/song_3ac432c308eb7db4090434c5c52765bc.mp3,03:21,song
07,adv1,jingle126731.mp3,3:21,ad
08,"01 Vilayaadu Mankatha - Yuvan Shankar Raja_ Ranjith_.mp3",on14-03/song_01f485f8f94c877464f6ee039a11b935.mp3,06:03,song
08,"Dol Dol - TamilWire.com.mp3",on14-03/song_0d7816b476cf98b83cc5e9906a9b62a2.mp3,04:44,song
08,adv1,jingle126731.mp3,3:21,ad
08,"03 - Kuthu Vilakku.mp3",on14-03/song_78896f42f442b73f3313ee172d553d52.mp3,04:25,song
08,jing1,jingle128725.mp3,3:21,jing
08,"4shared - Malayalam Evergreen Romantic Hits - shared folder - free file sharing and storage_2.mp3",on14-03/song_07c6e798cd6b4c19358da308cb2f89ec.mp3,04:44,song
08,adv1,jingle126731.mp3,3:21,ad
08,"03 - Kuthu Vilakku.mp3",on14-03/song_78896f42f442b73f3313ee172d553d52.mp3,04:25,song
08,"02 O Lilli.mp3",on14-03/song_47894b4dd303f3b42a9b2acfb4ca59a6.mp3,04:30,song
08,adv1,jingle126731.mp3,3:21,ad
09,"02 O Lilli.mp3",on14-03/song_47894b4dd303f3b42a9b2acfb4ca59a6.mp3,04:30,song
09,"Dol Dol - TamilWire.com.mp3",on14-03/song_0d7816b476cf98b83cc5e9906a9b62a2.mp3,04:44,song
09,jing1,jingle128725.mp3,3:21,jing
09,"02 - Berzerk - Eminem.mp3",on14-03/song_5a9810c57cf6c54beeac7d80377e7655.mp3,03:59,song
09,"03 - Dil Tu Hi Bataa - DownloadMing.SE.mp3",on14-03/song_d7c5b17315dcd1873dd927749bc7c62d.mp3,06:40,song
09,adv1,jingle126731.mp3,3:21,ad
09,"01 Vilayaadu Mankatha - Yuvan Shankar Raja_ Ranjith_.mp3",on14-03/song_01f485f8f94c877464f6ee039a11b935.mp3,06:03,song
09,"02 - Innum Konjam - DownloadSouthMP3.SE.mp3",on14-03/song_9d8fdde553e2eb5509d51c320e92549a.mp3,05:16,song
09,adv1,jingle126731.mp3,3:21,ad
09,"Sleep Away.mp3",on14-03/song_13563039212be0a76f3020ff337b5467.mp3,03:21,song
09,jing1,jingle128725.mp3,3:21,jing
09,"Sleep Away.mp3",on14-03/song_3ac432c308eb7db4090434c5c52765bc.mp3,03:21,song
09,adv1,jingle126731.mp3,3:21,ad
09,"03 - Dil Tu Hi Bataa - DownloadMing.SE.mp3",on14-03/song_d7c5b17315dcd1873dd927749bc7c62d.mp3,06:40,song
09,"02 O Lilli.mp3",on14-03/song_47894b4dd303f3b42a9b2acfb4ca59a6.mp3,04:30,song
09,adv1,jingle126731.mp3,3:21,ad
10,"03 - Dil Tu Hi Bataa - DownloadMing.SE.mp3",on14-03/song_d7c5b17315dcd1873dd927749bc7c62d.mp3,06:40,song
10,"02 - Puriyavillai - DownloadSouthMP3.SE.mp3",on14-03/song_4d19a7542ee6c6a713bb51bf6df3929d.mp3,04:30,song
10,jing1,jingle128725.mp3,3:21,jing
10,"Sleep Away.mp3",on14-03/song_13563039212be0a76f3020ff337b5467.mp3,03:21,song
10,"04 - R U Crazy - Conor Maynard.mp3",on14-03/song_c375c3afa02d12e2c2c3ab72a3e77a06.mp3,04:13,song
10,adv1,jingle126731.mp3,3:21,ad
10,"02 O Lilli.mp3",on14-03/song_47894b4dd303f3b42a9b2acfb4ca59a6.mp3,04:30,song
10,"02 - Innum Konjam - DownloadSouthMP3.SE.mp3",on14-03/song_9d8fdde553e2eb5509d51c320e92549a.mp3,05:16,song
10,adv1,jingle126731.mp3,3:21,ad
10,"01 - Sitamma Vakitlo Sirimalle Chettu - DownloadSouthMP3.Com.mp3",on14-03/song_0aadcd2f4734d23eac65be926eff013e.mp3,03:43,song
10,jing1,jingle128725.mp3,3:21,jing
11,"01 Vilayaadu Mankatha - Yuvan Shankar Raja_ Ranjith_.mp3",on14-03/song_01f485f8f94c877464f6ee039a11b935.mp3,06:03,song
11,adv1,jingle126731.mp3,3:21,ad
11,"02 O Lilli.mp3",on14-03/song_47894b4dd303f3b42a9b2acfb4ca59a6.mp3,04:30,song
11,"Sleep Away.mp3",on14-03/song_3ac432c308eb7db4090434c5c52765bc.mp3,03:21,song
11,adv1,jingle126731.mp3,3:21,ad
11,"02 O Lilli.mp3",on14-03/song_47894b4dd303f3b42a9b2acfb4ca59a6.mp3,04:30,song
11,"Maid with the Flaxen Hair.mp3",on14-03/song_9560a53cce0157b39f0461f80fa4676d.mp3,02:50,song
11,jing1,jingle128725.mp3,3:21,jing
11,"4shared - Malayalam Evergreen Romantic Hits - shared folder - free file sharing and storage_2.mp3",on14-03/song_07c6e798cd6b4c19358da308cb2f89ec.mp3,04:44,song
11,"4shared - Malayalam Evergreen Romantic Hits - shared folder - free file sharing and storage_2.mp3",on14-03/song_07c6e798cd6b4c19358da308cb2f89ec.mp3,04:44,song
11,adv1,jingle126731.mp3,3:21,ad
11,"02 O Lilli.mp3",on14-03/song_47894b4dd303f3b42a9b2acfb4ca59a6.mp3,04:30,song
11,"02 - Athithom.mp3",on14-03/song_339d4c3284980b9514cd1920d4575a47.mp3,04:33,song
11,adv1,jingle126731.mp3,3:21,ad
11,"Sleep Away.mp3",on14-03/song_3ac432c308eb7db4090434c5c52765bc.mp3,03:21,song
11,drffdg,jin9718.mp3,1:30,jing
11,"02 - Innum Konjam - DownloadSouthMP3.SE.mp3",on14-03/song_9d8fdde553e2eb5509d51c320e92549a.mp3,05:16,song
11,adv1,jingle126731.mp3,3:21,ad
11,"Maid with the Flaxen Hair.mp3",on14-03/song_9560a53cce0157b39f0461f80fa4676d.mp3,02:50,song
12,"05 - Disco Love - The Saturdays.mp3",on14-03/song_e18b2534e9a2280794e4814368442605.mp3,03:15,song
12,adv1,jingle126731.mp3,3:21,ad
12,"03 - Dil Tu Hi Bataa - DownloadMing.SE.mp3",on14-03/song_d7c5b17315dcd1873dd927749bc7c62d.mp3,06:40,song
12,"01 - Wrecking Ball - Miley Cyrus.mp3",on14-03/song_a8bc73292b5cb5850d2972f16806b9eb.mp3,03:43,song
12,drffdg,jin9718.mp3,1:30,jing
12,"Sleep Away.mp3",on14-03/song_13563039212be0a76f3020ff337b5467.mp3,03:21,song
12,"4shared - Malayalam Evergreen Romantic Hits - shared folder - free file sharing and storage_2.mp3",on14-03/song_07c6e798cd6b4c19358da308cb2f89ec.mp3,04:44,song
12,adv1,jingle126731.mp3,3:21,ad
12,"02 - Innum Konjam - DownloadSouthMP3.SE.mp3",on14-03/song_9d8fdde553e2eb5509d51c320e92549a.mp3,05:16,song
12,"Sleep Away.mp3",on14-03/song_13563039212be0a76f3020ff337b5467.mp3,03:21,song
12,adv1,jingle126731.mp3,3:21,ad
13,"02 - Berzerk - Eminem.mp3",on14-03/song_5a9810c57cf6c54beeac7d80377e7655.mp3,03:59,song
13,drffdg,jin9718.mp3,1:30,jing
13,"02 O Lilli.mp3",on14-03/song_47894b4dd303f3b42a9b2acfb4ca59a6.mp3,04:30,song
13,adv1,jingle126731.mp3,3:21,ad
13,"Sleep Away.mp3",on14-03/song_13563039212be0a76f3020ff337b5467.mp3,03:21,song
13,"Maid with the Flaxen Hair.mp3",on14-03/song_9560a53cce0157b39f0461f80fa4676d.mp3,02:50,song
13,adv1,jingle126731.mp3,3:21,ad
14,"01 Vilayaadu Mankatha - Yuvan Shankar Raja_ Ranjith_.mp3",on14-03/song_01f485f8f94c877464f6ee039a11b935.mp3,06:03,song
14,"04 - R U Crazy - Conor Maynard.mp3",on14-03/song_c375c3afa02d12e2c2c3ab72a3e77a06.mp3,04:13,song
14,drffdg,jin9718.mp3,1:30,jing
14,"03 - Counting Stars - One Republic.mp3",on14-03/song_ce07f6c78fd99280b85db2d41bd08690.mp3,04:17,song
14,"08 - Talk Dirty (feat. 2 Chainz) - Jason Derulo.mp3",on14-03/song_4bde5db8e40840cb6f5bd6a361c95b5e.mp3,02:58,song
14,adv1,jingle126731.mp3,3:21,ad
14,"02 O Lilli.mp3",on14-03/song_47894b4dd303f3b42a9b2acfb4ca59a6.mp3,04:30,song
14,"02 - Athithom.mp3",on14-03/song_d520752872df568a28ef6f01cf244183.mp3,04:33,song
14,adv1,jingle126731.mp3,3:21,ad
14,"03 - Dil Tu Hi Bataa - DownloadMing.SE.mp3",on14-03/song_d7c5b17315dcd1873dd927749bc7c62d.mp3,06:40,song
14,drffdg,jin9718.mp3,1:30,jing
14,"02 - Puriyavillai - DownloadSouthMP3.SE.mp3",on14-03/song_4d19a7542ee6c6a713bb51bf6df3929d.mp3,04:30,song
14,adv1,jingle126731.mp3,3:21,ad
14,"02 - Innum Konjam - DownloadSouthMP3.SE.mp3",on14-03/song_9d8fdde553e2eb5509d51c320e92549a.mp3,05:16,song
14,"Maid with the Flaxen Hair.mp3",on14-03/song_9560a53cce0157b39f0461f80fa4676d.mp3,02:50,song
14,adv1,jingle126731.mp3,3:21,ad
16,"02 - Berzerk - Eminem.mp3",on14-03/song_5a9810c57cf6c54beeac7d80377e7655.mp3,03:59,song
16,"02 - Innum Konjam - DownloadSouthMP3.SE.mp3",on14-03/song_9d8fdde553e2eb5509d51c320e92549a.mp3,05:16,song
16,jing1,jingle128725.mp3,3:21,jing
16,"03 - Counting Stars - One Republic.mp3",on14-03/song_ce07f6c78fd99280b85db2d41bd08690.mp3,04:17,song
16,"02 O Lilli.mp3",on14-03/song_47894b4dd303f3b42a9b2acfb4ca59a6.mp3,04:30,song
16,adv1,jingle126731.mp3,3:21,ad
16,"Sleep Away.mp3",on14-03/song_13563039212be0a76f3020ff337b5467.mp3,03:21,song
16,"Maid with the Flaxen Hair.mp3",on14-03/song_9560a53cce0157b39f0461f80fa4676d.mp3,02:50,song
16,adv1,jingle126731.mp3,3:21,ad
16,"Sleep Away.mp3",on14-03/song_3ac432c308eb7db4090434c5c52765bc.mp3,03:21,song
16,jing1,jingle128725.mp3,3:21,jing
16,"02 O Lilli.mp3",on14-03/song_47894b4dd303f3b42a9b2acfb4ca59a6.mp3,04:30,song
16,adv1,jingle126731.mp3,3:21,ad
17,"02 - Athithom.mp3",on14-03/song_d520752872df568a28ef6f01cf244183.mp3,04:33,song
17,"Sleep Away.mp3",on14-03/song_13563039212be0a76f3020ff337b5467.mp3,03:21,song
17,adv1,jingle126731.mp3,3:21,ad
17,"Maid with the Flaxen Hair.mp3",on14-03/song_9560a53cce0157b39f0461f80fa4676d.mp3,02:50,song
17,"02 O Lilli.mp3",on14-03/song_47894b4dd303f3b42a9b2acfb4ca59a6.mp3,04:30,song
17,jing1,jingle128725.mp3,3:21,jing
17,"03 - Kuthu Vilakku.mp3",on14-03/song_78896f42f442b73f3313ee172d553d52.mp3,04:25,song
17,"01 - Sitamma Vakitlo Sirimalle Chettu - DownloadSouthMP3.Com.mp3",on14-03/song_0aadcd2f4734d23eac65be926eff013e.mp3,03:43,song
17,adv1,jingle126731.mp3,3:21,ad
17,"03 - Dil Tu Hi Bataa - DownloadMing.SE.mp3",on14-03/song_d7c5b17315dcd1873dd927749bc7c62d.mp3,06:40,song
17,"Sleep Away.mp3",on14-03/song_3ac432c308eb7db4090434c5c52765bc.mp3,03:21,song
17,adv1,jingle126731.mp3,3:21,ad
17,"Dol Dol - TamilWire.com.mp3",on14-03/song_0d7816b476cf98b83cc5e9906a9b62a2.mp3,04:44,song
17,drffdg,jin9718.mp3,1:30,jing
17,"Maid with the Flaxen Hair.mp3",on14-03/song_9560a53cce0157b39f0461f80fa4676d.mp3,02:50,song
17,adv1,jingle126731.mp3,3:21,ad
17,"02 - Innum Konjam - DownloadSouthMP3.SE.mp3",on14-03/song_9d8fdde553e2eb5509d51c320e92549a.mp3,05:16,song
17,"03 - Dil Tu Hi Bataa - DownloadMing.SE.mp3",on14-03/song_d7c5b17315dcd1873dd927749bc7c62d.mp3,06:40,song
17,adv1,jingle126731.mp3,3:21,ad
18,"02 O Lilli.mp3",on14-03/song_47894b4dd303f3b42a9b2acfb4ca59a6.mp3,04:30,song
19,"01 - Wrecking Ball - Miley Cyrus.mp3",on14-03/song_a8bc73292b5cb5850d2972f16806b9eb.mp3,03:43,song
19,jing1,jingle128725.mp3,3:21,jing
20,"03 - Counting Stars - One Republic.mp3",on14-03/song_ce07f6c78fd99280b85db2d41bd08690.mp3,04:17,song
20,"Sleep Away.mp3",on14-03/song_13563039212be0a76f3020ff337b5467.mp3,03:21,song
20,adv1,jingle126731.mp3,3:21,ad
20,"02 - Athithom.mp3",on14-03/song_d520752872df568a28ef6f01cf244183.mp3,04:33,song
20,"01 Vilayaadu Mankatha - Yuvan Shankar Raja_ Ranjith_.mp3",on14-03/song_01f485f8f94c877464f6ee039a11b935.mp3,06:03,song
20,adv1,jingle126731.mp3,3:21,ad
20,"Sleep Away.mp3",on14-03/song_13563039212be0a76f3020ff337b5467.mp3,03:21,song
20,drffdg,jin9718.mp3,1:30,jing
20,"Sleep Away.mp3",on14-03/song_3ac432c308eb7db4090434c5c52765bc.mp3,03:21,song
20,adv1,jingle126731.mp3,3:21,ad
20,"Maid with the Flaxen Hair.mp3",on14-03/song_9560a53cce0157b39f0461f80fa4676d.mp3,02:50,song
20,"01 - Sitamma Vakitlo Sirimalle Chettu - DownloadSouthMP3.Com.mp3",on14-03/song_0aadcd2f4734d23eac65be926eff013e.mp3,03:43,song
20,adv1,jingle126731.mp3,3:21,ad
21,"03 - Dil Tu Hi Bataa - DownloadMing.SE.mp3",on14-03/song_d7c5b17315dcd1873dd927749bc7c62d.mp3,06:40,song
21,"04 - R U Crazy - Conor Maynard.mp3",on14-03/song_c375c3afa02d12e2c2c3ab72a3e77a06.mp3,04:13,song
21,drffdg,jin9718.mp3,1:30,jing
21,"08 - Talk Dirty (feat. 2 Chainz) - Jason Derulo.mp3",on14-03/song_4bde5db8e40840cb6f5bd6a361c95b5e.mp3,02:58,song
21,"02 O Lilli.mp3",on14-03/song_47894b4dd303f3b42a9b2acfb4ca59a6.mp3,04:30,song
21,adv1,jingle126731.mp3,3:21,ad
21,"02 - Berzerk - Eminem.mp3",on14-03/song_5a9810c57cf6c54beeac7d80377e7655.mp3,03:59,song
21,"02 - Puriyavillai - DownloadSouthMP3.SE.mp3",on14-03/song_4d19a7542ee6c6a713bb51bf6df3929d.mp3,04:30,song
21,adv1,jingle126731.mp3,3:21,ad
21,"02 - Athithom.mp3",on14-03/song_d520752872df568a28ef6f01cf244183.mp3,04:33,song
21,jing1,jingle128725.mp3,3:21,jing
21,"03 - Kuthu Vilakku.mp3",on14-03/song_78896f42f442b73f3313ee172d553d52.mp3,04:25,song
21,adv1,jingle126731.mp3,3:21,ad
21,"Sleep Away.mp3",on14-03/song_3ac432c308eb7db4090434c5c52765bc.mp3,03:21,song
21,"02 - Innum Konjam - DownloadSouthMP3.SE.mp3",on14-03/song_9d8fdde553e2eb5509d51c320e92549a.mp3,05:16,song
21,adv1,jingle126731.mp3,3:21,ad
22,"05 - Disco Love - The Saturdays.mp3",on14-03/song_e18b2534e9a2280794e4814368442605.mp3,03:15,song
22,"03 - Dil Tu Hi Bataa - DownloadMing.SE.mp3",on14-03/song_d7c5b17315dcd1873dd927749bc7c62d.mp3,06:40,song
22,drffdg,jin9718.mp3,1:30,jing
22,"14 - Heartbreaker - Justin Bieber.mp3",on14-03/song_24f5934083f751793d5b52b8c78fd895.mp3,04:23,song
22,"Maid with the Flaxen Hair.mp3",on14-03/song_9560a53cce0157b39f0461f80fa4676d.mp3,02:50,song
22,adv1,jingle126731.mp3,3:21,ad
22,"01 Vilayaadu Mankatha - Yuvan Shankar Raja_ Ranjith_.mp3",on14-03/song_01f485f8f94c877464f6ee039a11b935.mp3,06:03,song
22,"01 - Wrecking Ball - Miley Cyrus.mp3",on14-03/song_a8bc73292b5cb5850d2972f16806b9eb.mp3,03:43,song
22,adv1,jingle126731.mp3,3:21,ad
22,"02 - Innum Konjam - DownloadSouthMP3.SE.mp3",on14-03/song_9d8fdde553e2eb5509d51c320e92549a.mp3,05:16,song
22,jing1,jingle128725.mp3,3:21,jing
22,"02 - Athithom.mp3",on14-03/song_d520752872df568a28ef6f01cf244183.mp3,04:33,song
22,adv1,jingle126731.mp3,3:21,ad
22,"03 - Kuthu Vilakku.mp3",on14-03/song_78896f42f442b73f3313ee172d553d52.mp3,04:25,song
22,"03 - Counting Stars - One Republic.mp3",on14-03/song_ce07f6c78fd99280b85db2d41bd08690.mp3,04:17,song
22,adv1,jingle126731.mp3,3:21,ad
23,"02 O Lilli.mp3",on14-03/song_47894b4dd303f3b42a9b2acfb4ca59a6.mp3,04:30,song
23,"Dol Dol - TamilWire.com.mp3",on14-03/song_0d7816b476cf98b83cc5e9906a9b62a2.mp3,04:44,song
23,jing1,jingle128725.mp3,3:21,jing
23,"02 - Innum Konjam - DownloadSouthMP3.SE.mp3",on14-03/song_9d8fdde553e2eb5509d51c320e92549a.mp3,05:16,song
23,"02 - Athithom.mp3",on14-03/song_d520752872df568a28ef6f01cf244183.mp3,04:33,song
23,adv1,jingle126731.mp3,3:21,ad
23,"03 - Dil Tu Hi Bataa - DownloadMing.SE.mp3",on14-03/song_d7c5b17315dcd1873dd927749bc7c62d.mp3,06:40,song
23,"03 - Kuthu Vilakku.mp3",on14-03/song_78896f42f442b73f3313ee172d553d52.mp3,04:25,song
23,adv1,jingle126731.mp3,3:21,ad
23,"02 O Lilli.mp3",on14-03/song_47894b4dd303f3b42a9b2acfb4ca59a6.mp3,04:30,song
23,jing1,jingle128725.mp3,3:21,jing
24,"02 - Athithom.mp3",on14-03/song_d520752872df568a28ef6f01cf244183.mp3,04:33,song
24,adv1,jingle126731.mp3,3:21,ad
24,"Maid with the Flaxen Hair.mp3",on14-03/song_9560a53cce0157b39f0461f80fa4676d.mp3,02:50,song
24,"03 - Kuthu Vilakku.mp3",on14-03/song_78896f42f442b73f3313ee172d553d52.mp3,04:25,song
24,adv1,jingle126731.mp3,3:21,ad
24,"04 - R U Crazy - Conor Maynard.mp3",on14-03/song_c375c3afa02d12e2c2c3ab72a3e77a06.mp3,04:13,song
24,"03 - Dil Tu Hi Bataa - DownloadMing.SE.mp3",on14-03/song_d7c5b17315dcd1873dd927749bc7c62d.mp3,06:40,song
24,jing1,jingle128725.mp3,3:21,jing
24,"Sleep Away.mp3",on14-03/song_13563039212be0a76f3020ff337b5467.mp3,03:21,song
24,"03 - Kuthu Vilakku.mp3",on14-03/song_78896f42f442b73f3313ee172d553d52.mp3,04:25,song
24,adv1,jingle126731.mp3,3:21,ad
